user_input,retrieved_contexts,response,reference,context_precision,context_recall,faithfulness,answer_relevancy
为什么狗认识路,"['它把耳朵贴在地面上，就能听到很远处传来的声音，立即被惊\n醒。惊醒后，它会马上抬头张望，那是为了查明声音发出的方向\n呢！看看是否有可能伤害它的动物出现。\n为什么狗睡觉时把嘴藏在前肢下\n小狗睡觉时总是把嘴藏在前面的两条腿下面，这是为什么\n呢？\n明明来到动物研究所，去问专门研究小动物的吴爷爷。吴爷\n爷告诉小明说：“小动物都是用眼睛、耳朵、鼻子来察觉周围环\n境变化，是否有其它危险动物来伤害它们，或者察觉是否有可以\n捕捉的食物。\n狗的嗅觉特别灵敏，它的鼻子是十分重要的，所以狗在睡觉\n时，总是把嘴和鼻子用前面两条腿保护起来。”\n为什么狗认识路\n明明养了一只可爱的小狗，明明总是带它到处去玩。小狗可\n听话了，只要明明让它自己先回家去，它不管多远都能回去。为\n什么小狗不会迷路呢？它是怎么认识路的呢？\n原来小狗有一个特别灵敏的鼻子，它可以根据气味来找到要\n找的东西。小狗在出门时，它有一个习惯，就是一边走，一边往\n路上撒一点尿，回来的时候，小狗就用自己那灵敏的鼻子去寻找\n自己的尿味，这样小狗就能够很快回家了，决不会迷路。\n·!""· 新编十万个为什么\n!!!!!!!!!!!!""'， '化过程中，也就必然会维持一定的体温了。至于鸟类为什么要像\n一般两栖类或爬行类那样生蛋呢？道理很简单，鸟类为了适应飞\n行生活，必须尽量减轻身体的重量。如果它们让宝宝在自己的肚\n子里长大再生出来，就会影响飞行，受到天敌的捕杀。所以，鸟\n类要生蛋育雏。\n另外，鸟类要维持恒定的体温，还有一个重要的原因，就是\n有利于飞行。体温和飞行有什么关系呢？原来，正常的体温可以\n使身体各处获得含氧丰富的新鲜血液，保证生命活动旺盛，使飞\n行灵活、机敏。\n为什么鸟类能认路\n很早以前，人们就对鸟类能识途的本领发生了浓厚的兴趣。\n一只普通的极地燕鸥!年当中两次往返于南北极之间，其行程多\n达""万多公里，但却从未迷过路，尽管它行程的绝大部分是海上\n飞行。与燕鸥相比，家鸽的识途本领更是众所周知的。一只信鸽\n无论位于何地，都能从容不迫、准确无误地飞回自己的“家”。\n那么，鸟儿是靠什么来辨别方向的呢？各国的鸟类学家就这\n个问题进行了反复的实验，发现了鸟类飞行家借以辨别方向的几\n种“秘密武器”。太阳、星星都是它们确定航线的参照物，地球\n磁场则是它们必不可少的“航标”。\n但是，我们都知道要想根据看不见的磁力线确定航向，必须']",根据提供的上下文信息，狗能够识路的原因主要是因为它们具有特别灵敏的嗅觉。小狗在外出时，会通过在路上撒尿的方式留下气味标记。回家的时候，它们利用灵敏的鼻子去寻找这些气味标记，从而能够准确地找到回家的路。因此，狗不会迷路是因为它们能够通过气味来识别和记忆路线。,小狗有一个特别灵敏的鼻子，它可以根据气味来找到要找的东西。小狗在出门时，它有一个习惯，就是一边走，一边往路上撒一点尿，回来的时候，小狗就用自己那灵敏的鼻子去寻找自己的尿味，这样小狗就能够很快回家了，决不会迷路。,0.9999999999,1,1,0.912183840237486
为什么狗能吃硬骨头,"['为什么马戏团的小狗能算算术\n小朋友们都喜欢看马戏团的演出，特别喜欢看小狗做算术题\n的节目。马戏团的小狗和其它小狗一样吗？它们是特别聪明吗？\n我们来听一听马戏团的阿姨是怎么说的吧。其实马戏团的小\n狗和其它的小狗是一样的，只不过是平时训练时，训兽员用手势\n和教鞭棍作一些暗示，小狗根据不同的暗示发出叫声。叫对了，\n就给一点食物。经常这样，小狗就养成了习惯。其实它并不会用\n脑子去想，和我们小朋友做算术题是不一样的。\n为什么狗能吃硬骨头\n小朋友，你们一定都知道小狗最爱吃的东西是什么吧？对，\n是骨头。那么你知道为什么它能吃硬硬的骨头吗？骨头到肚子里\n会消化吗？\n原来，小狗在吃骨头这方面可有一些特殊的本领呢！首先是\n它的牙齿，在吃骨头时，小狗先用像切割机一样的门齿，像钳子\n一样的犬齿和像小磨一样的臼齿，把骨头凿呀磨呀，再用舌头一\n搅拌，骨头就变得又碎又烂了。\n然后，这些又碎又烂的骨头通过食道来到了胃里。小狗的胃\n里有一种叫酶的东西，还有一种酸，它们把碎烂的骨头变得像米\n浆糊一样，这些东西最后来到肠子里，里面的养分慢慢地被小狗\n吸收了，小狗就越长越大了。\n·!""·!""""""""""""""""\n动物卷'， '为什么狗能吃硬骨头 （!""）…………………………………………\n为什么狗的嗅觉特别灵敏 （#$）……………………………………\n褐鬣狗怎样照顾后代 （#$）…………………………………………\n为什么母狗可以充当金钱豹的妈妈 （#%）…………………………\n狗为什么会拉雪橇 （#&）……………………………………………\n为什么山猫又叫豹猫 （#’）…………………………………………\n为什么大灵猫的尾巴是一节一节的 （#(）…………………………\n为什么在黑暗中猫能捉到老鼠 （#!）………………………………\n为什么猫能从很高的地方跳下来 （#!）……………………………\n为什么猫的眼睛一日三变 （##）……………………………………\n为什么小猫咪老爱舔毛 （#)）………………………………………\n猫为什么爱用爪子“洗脸” （#)）…………………………………\n为什么“电猫”能减少鼠害 （#*）…………………………………\n为什么蚯蚓没有腿和脚却会行走 （#""）……………………………\n为什么说蚯蚓是很有价值的动物 （#""）……………………………\n为什么蚂蚁不上床了 （)$）…………………………………………']","根据提供的上下文信息，小狗能够吃硬骨头的原因主要有以下几点：

1. **牙齿结构**：小狗的牙齿非常适合处理骨头。它们有像切割机一样的门齿、像钳子一样的犬齿和像小磨一样的臼齿，这些牙齿能够有效地将骨头凿碎和磨碎。

2. **舌头的作用**：在牙齿的帮助下，小狗会用舌头搅拌骨头，使骨头变得更加碎烂。

3. **消化系统的适应性**：小狗的胃中含有一种叫酶的物质和一种酸，这些物质可以将碎烂的骨头进一步分解成像米浆糊一样的状态。这样处理后的骨头能够被小狗的肠道吸收，从而获取其中的养分。

这些特征使得小狗能够有效地消化硬骨头，并从中获取营养。",小狗在吃骨头这方面可有一些特殊的本领呢！首先是它的牙齿，在吃骨头时，小狗先用像切割机一样的门齿，像钳子一样的犬齿和像小磨一样的臼齿，把骨头凿呀磨呀，再用舌头一搅拌，骨头就变得又碎又烂了。然后，这些又碎又烂的骨头通过食道来到了胃里。小狗的胃里有一种叫酶的东西，还有一种酸，它们把碎烂的骨头变得像米浆糊一样，这些东西最后来到肠子里，里面的养分慢慢地被小狗吸收了，小狗就越长越大了。,0.9999999999,1,1,0.915103324875658
为什么鲸不是鱼,"['是靠流泪把盐分排出体外，以保持体内外盐分平衡。\n为什么鲸不是鱼\n一天，爷爷问冰冰：“冰冰你说，海洋里最大的鱼是什么？”\n冰冰不加思索地回答：“是鲸鱼”。\n爷爷拍了拍冰冰的头说：“鲸虽然生活在海里，但它不是鱼，\n它和陆地上的哺乳类动物一样是胎生的，小鲸是直接从母鲸的肚\n子里生出来的，小鲸是吃鲸妈妈的奶长大的。海里的许多鱼都是\n用鳃呼吸的，而鲸则是用肺呼吸的。每隔一段时间，鲸都要到水\n面上来换一次气，因为鲸的肺可大啦，它吸进一次空气，就可以\n在水下待好长好长的时间，然后，它就游到水面上，把肺里的废\n气排掉，吸进新的空气，重新回到海洋里。以后，你从影视中或\n在图书上见到鲸可别再说它是鱼了。”\n为什么蓝鲸要吃小鱼\n小朋友，你们知道世界上最大的动物是什么吗？对，是蓝\n鲸。蓝鲸的身体很大，最大的蓝鲸有!""头大象那么大。然而，\n蓝鲸的身体那么大，却不能吃大鱼，只能吃水中的小鱼、小虾。\n这是为什么呢？\n原来蓝鲸虽然个子大，可是嘴里没有牙齿，只有两排像刷子\n一样的东西，我们管它叫须板。当蓝鲸张开大嘴吞吃小鱼、小虾\n的时候，须板就会把小虾、小鱼留下来，须板竖起来，把多余的'， '以，人类要尽可能地保护鲸，使它不受侵害。\n为什么鲸在海水中会喷出水柱\n鲸是海洋中的“巨人”，也是现在地球上最大的动物。不少\n人误认为鲸是鱼，实际它并不是鱼，而是兽。它属于哺乳纲鲸\n目。\n在几百万年以前，鲸也是生活在陆地上，那时它们有四条\n腿，能在陆上行走。后来由于生活条件改变，它们便迁居到水中\n生活。经过漫长的岁月，它们的身体构造逐渐发生了变化，前肢\n变成了像鱼那样的胸鳍，尾巴变得扁平，和舵一样，整个身体变\n为流线型，以便在水中游泳。鲸到水中之后，虽然外部器官起了\n巨大变化，以致被误认为是鱼，但它们的内部器官仍然保持陆上\n生活的某些特点，如肺呼吸、胎生、哺乳等。\n鲸由于用肺呼吸，因而不能在水下停留很长的时间，一般在\n半小时左右，就必须到水面上呼吸一次；短的!""多分钟就得出\n来一次。当鲸浮出水面时，要先把肺中的大量废气排出，排出的\n气体压力很大，能把接近鼻孔的海水喷射出海面；同时伴随着巨\n大的声响，很像小火车的汽笛。由于海面上的空气比鲸肺中的气\n体凉，所以从鲸肺中呼出的湿气，一遇冷空气就凝结成许多小水\n滴，形成雾状水柱。这种现象叫做“喷潮”或“喷水”。各种鲸']","鲸不是鱼的原因主要有以下几点：

1. **呼吸方式不同**：鲸是用肺呼吸的，而大多数鱼类是用鳃呼吸的。鲸需要定期浮出水面来呼吸空气，而鱼则可以在水中通过鳃直接从水中获取氧气。

2. **生殖方式不同**：鲸是胎生的哺乳动物，幼鲸是直接从母鲸体内出生，并通过母乳喂养长大。而大多数鱼类是卵生的，通过产卵和受精繁殖。

3. **身体结构不同**：虽然鲸的外形和鱼相似，但它们的内部结构更接近陆地哺乳动物。鲸的前肢演化成了鳍，但它们的骨骼结构仍然保留了哺乳动物的特征。

4. **进化历史不同**：鲸属于哺乳纲鲸目，是从陆地哺乳动物进化而来的，曾经生活在陆地上。经过漫长的进化过程，它们适应了水中生活，但仍保留了许多哺乳动物的特征。

因此，尽管鲸生活在水中，看起来像鱼，但从生物学分类和特征上看，它们属于哺乳动物，而不是鱼类。",鲸虽然生活在海里，但它不是鱼，它和陆地上的哺乳类动物一样是胎生的，小鲸是直接从母鲸的肚子里生出来的，小鲸是吃鲸妈妈的奶长大的。海里的许多鱼都是用鳃呼吸的，而鲸则是用肺呼吸的。每隔一段时间，鲸都要到水面上来换一次气，因为鲸的肺可大啦，它吸进一次空气，就可以在水下待好长好长的时间，然后，它就游到水面上，把肺里的废气排掉，吸进新的空气，重新回到海洋里。,0.99999999995,1,0.863636363636364,0.845786259672798
为什么鱼有鳞片,"['为什么鱼在冰冷的水里不怕冷\n冬天的时候，天气非常冷，小朋友都穿上了棉衣、棉裤；小\n动物们也都寻找着自己过冬的方法：有的小动物要换上厚厚的皮\n袄，有的小动物吃得饱饱的钻到泥土或洞里去睡大觉。那么，小\n鱼生活在冰冷的水里不怕冷吗？是的，小鱼在冷冷的水里觉不出\n冷。那是怎么回事呢？\n原来，鱼和人不一样，它的体温是可以变化的，它属于变温\n动物。鱼的体温是随着周围环境温度的变化而变化的。冬天气温\n低，河里水温低，鱼的体温也就随着变低了；夏天气温高，水温\n也高，鱼的体温又相应的变高了。因此，冬天鱼在冰冷的水里生\n活，由于它的体温的变低，所以它感觉不出冷来。\n鱼虽然可以变化体温，能生活在冰冷的水里，但它是低级动\n物，当周围温度低于零度时它就会变成一块冰，无法生存了。\n为什么鱼有鳞片\n每次做鱼的时候，总要把鱼身上的鳞片先刮下来。那么，鱼\n为什么有这么多的鳞片，鳞片有什么用途吗？\n是的，我们都知道，鱼除了鱼头和各部分的鱼鳍以外，全身\n一片挨着一片布满了许多鳞片。这些鳞片就好像穿在鱼身上的一\n层盔甲，使水中小小的虫子和微生物不容易侵蚀鱼的身体。使得\n鱼的身体不爱得病，不受感染。'， '层角质层变成的，所以叫做角质鳞。而大多数鱼，它们的鳞片是\n·!!· 新编十万个为什么\n!!!!!!!!!!!!""']","鱼有鳞片的原因主要有以下几点：

1. **保护作用**：鱼的鳞片就像一层盔甲，覆盖在鱼的身体上，能够有效防止水中的小虫子和微生物侵蚀鱼的身体。这种防护作用减少了鱼生病和感染的风险。

2. **减少摩擦**：鱼鳞通常非常光滑，并且能够反射光线，这种特性有助于鱼在水中游动时减少摩擦，提高游动效率。

3. **结构支持**：鳞片为鱼的皮肤提供了一定的结构支持，帮助维持身体的完整性和形状。

4. **防御机制**：在某些情况下，鱼鳞也可以作为防御机制，帮助鱼抵御捕食者的攻击。

这些功能使得鳞片成为鱼类在水中生存的重要特征之一。",鱼除了鱼头和各部分的鱼鳍以外，全身一片挨着一片布满了许多鳞片。这些鳞片就好像穿在鱼身上的一层盔甲，使水中小小的虫子和微生物不容易侵蚀鱼的身体。使得鱼的身体不爱得病，不受感染。再有，鱼的鳞片是很光滑的、闪闪发光的。这样鱼在水中游来游去的时候，就能够减少身体与水的摩擦，使鱼游得更快。并且，鱼鳞还可以保护鱼的体形，所以，鱼身上的鳞片对于鱼本身来讲是十分有用的。,0.99999999995,0.5,0.333333333333333,0.841085153272782
为什么鸡吃小石子,"['鸡，给它稻谷、麦粒吃。可是大公鸡吃着吃着就不吃了，而是去\n吃小石子、砂粒或煤灰了。亮亮怎么也不明白，为什么有好好的\n稻谷、麦粒不吃，却非要去吃石子、砂子不可呢？\n原来，鸡没有牙齿，不能把食物嚼碎，只能依靠小石子，砂\n子等帮助磨碎一下。鸡的身体里有一个小口袋，叫砂囊，里面有\n许多鸡吃进去的小石子，鸡吃的食物和石子混在一起，就被磨碎\n了。磨碎的食物就容易消化吸收了，所以鸡除了吃食物，还要吃\n小石子。\n为什么母鸡下蛋后要咯咯地叫\n亮亮家的母鸡下了一个蛋，母鸡好像非常自豪地挺着胸膛，\n咯咯咯地叫个不停，这是为什么呢？\n原来呀，母鸡生一个蛋，是非常不容易的，它需要用很长的\n时间和力气才能完成。所以母鸡生完蛋后，还要在蛋箱休息一\n会，然后才离开蛋箱。这时候，母鸡感到非常的高兴和自豪，对\n自己生的蛋充满了母爱，它还要通知它的伴侣———大公鸡，所以\n就咯咯咯地叫了起来。\n为什么红脸的母鸡会生蛋\n亮亮家养了许多只母鸡，他经常和爸爸一起打扫鸡房，喂鸡\n饲料，爸爸只要一看那些正在抢着吃饲料的鸡，就知道这只是会\n生蛋的，那只是不生蛋的。亮亮不明白。爸爸怎么知道哪只会生'， '鸡虽然会视线模糊，只见一片红，但是它们再不会急着去争斗，\n也不怕被同类啄死，彼此反倒相安无事，这样可以让鸡专心生\n蛋，提高产蛋量。\n为什么鸡吃小石子\n亮亮早晨起来要做的第一件事，就是喂家里养的那只大公\n·!""#· 新编十万个为什么\n!!!!!!!!!!!!""']","鸡吃小石子的原因与其消化系统的结构有关。鸡没有牙齿，无法像哺乳动物那样通过咀嚼来将食物磨碎。为了弥补这一点，鸡会吞食小石子、砂粒或煤灰等硬物，这些硬物在鸡的消化系统中起到重要作用。

鸡的消化系统中有一个叫做砂囊的结构，砂囊是一个肌肉发达的小口袋，能够容纳鸡吞下的小石子和砂粒。当鸡吃下食物后，这些食物会进入砂囊，与小石子和砂粒混合。砂囊通过肌肉的收缩和小石子的磨擦作用，将食物磨碎，使其更容易被消化和吸收。

因此，鸡吃小石子是为了利用这些硬物在砂囊中帮助磨碎食物，弥补没有牙齿的不足，从而提高食物的消化效率。",鸡没有牙齿，不能把食物嚼碎，只能依靠小石子，砂子等帮助磨碎一下。鸡的身体里有一个小口袋，叫砂囊，里面有许多鸡吃进去的小石子，鸡吃的食物和石子混在一起，就被磨碎了。磨碎的食物就容易消化吸收了，所以鸡除了吃食物，还要吃小石子。,0.9999999999,1,1,0.924624917024837
